,question,answer,contexts,ground_truth,faithfulness,answer_relevancy,context_recall,context_precision
0,تفاوت بین معاملات تجارتی که توسط تاجر انجام می‌شود و معاملاتی که برای رفع حوائج شخصی انجام می‌شوند چیست؟,تفاوت بین معاملات تجارتی که توسط تاجر انجام می‌شود و معاملاتی که برای رفع حوائج شخصی انجام می‌شوند این است که معاملات تجارتی شامل خرید و فروش مال منقول برای اجاره یا فروش، حمل و نقل، دلالی، تأسیسات برای انجام امور تجاری، حراجی، نمایشگاه، صرافی، بانکی، بیمه، کشتی‌سازی و معاملات مربوط به آنها می‌شود. اما معاملاتی که برای رفع حوائج شخصی انجام می‌شوند، مانند هزینه‌های شخصی یا خانوادگی، مخارج غیرضروری یا هرگونه معامله‌ای که به منفعت شخصی تاجر باشد، در این دسته قرار می‌گیرند.,"['ماده 3 - معاملات ذيل باعتبار تاجر بودن متعاملين يا يكي از آنها تجارتي محسوب ميشود:\n1) كليه معاملات بين تجار و كسبه و صرافان و بانكها.\n2) كليه معاملاتي كه تاجر يا غير تاجر براي حوائج تجارتي خود مينمايد.\n3) كليه معاملاتيكه اجزاء يا خدمه يا شاگرد تاجر براي امور تجارتي ارباب خود مينمايد.\n4) كليه معاملات شركت هاي تجارتي.\n\n'
 'ماده 541 - تاجر در موارد ذيل ورشكسته بتقصير اعلان ميشود:\n1) در صورتيكه محقق شود مخارج شخصي يا مخارج خانه مشاراليه در ايام عادي بالنسبه به عايدي او فوقالعاده بوده است.\n2) در صورتيكه محقق شود كه تاجر نسبت بسرمايه خود مبالغ عمده صرف معاملاتي كرده كه در عرف تجارت موهوم يا نفع آن منوط به اتفاق محض است.\n3) اگر بقصد تأخير انداختن ورشكستگي خود خريدي بالاتر يا فروشي نازلتر از مظنه روز كرده باشد يا اگر بهمان قصد وسايلي كه دور از صرفه است بكار برده تا تحصيل وجهي نمايد اعم از اينكه از راه استقراض يا صدور برات يا بطريق ديگر باشد.\n4) اگر يكي از طلبكارها را پس از تاريخ توقف بر سايرين ترجيح داده و طلب او را پرداخته باشد.\n\n'
 'ماده 2 - معاملات تجارتي از قرار ذيل است:\n\n1) خريد يا تحصيل هر نوع مال منقول بقصد فروش يا اجاره اعم از اينكه تصرفاتي در آن شده يا نشده باشد.\n\n2) تصدي به حمل و نقل از راه خشكي يا آب يا هوا بهر نحوي كه باشد.\n\n3) هر قسم عمليات دلالي يا حقالعمل كاري (كميسيون) و يا عاملي و همچنين تصدي بهر نوع تأسيساتي كه براي انجام بعضي امور ايجاد ميشود از قبيل تسهيل معاملات ملكي يا پيدا كردن خدمه يا تهيه و رسانيدن ملزومات و غيره.\n\n4) تأسيس و به كار انداختن هر قسم كارخانه مشروط بر اينكه براي رفع حوائج شخصي نباشد.\n\n5) تصدي بعمليات حراجي.\n\n6) تصدي بهر قسم نمايشگاههاي عمومي.\n\n7) هر قسم عمليات صرافي و بانكي.\n\n8) معاملات برواتي اعم از اينكه بين تاجر يا غير تاجر باشد.\n\n9) عمليات بيمه بحري و غير بحري\n\n10) كشتي سازي و خريد و فروش كشتي و كشتيراني داخلي يا خارجي و معاملات راجعه به آنها.\n\n'
 'ماده 475 - حكم فوق درباره دعوي خياراتي نيز مجري خواهد بود كه تاجر ورشكسته نسبت باموال متصرفي خود يا ديگران دارد مشروط براينكه بر ضرر طلبكارها نباشد.\n\nفصل هفتم - در قرارداد ارفاقي و تصفيه حساب تاجر ورشكسته\n\nمبحث اول - در دعوت طلبكارها و مجمع عمومي آنها\n\n'
 'ماده 474 - اگر اشخاصي نسبت باموال متصرفي تاجر ورشكسته دعوي خياراتي دارند و صرفنظر از آن نميكنند بايد آن را در حين تصفيه عمل ورشكستگي ثابت نموده و بموقع اجرا گذارند.\n\n']",معاملات تجارتی شامل خرید، فروش، دلالی و سایر فعالیت‌های تجاری است که به منظور کسب سود انجام می‌شوند، در حالی که معاملات برای رفع حوائج شخصی شامل فعالیت‌هایی نیست که به منظور کسب سود تجاری انجام می‌شوند. (ماده 2 و ماده 3),,0.9713325865348652,1.0,0.999999999975
1,چگونه دفتر روزنامه و دفتر کل باید نگهداری شوند و چه اطلاعاتی باید در آنها ثبت شود؟,"دفتر روزنامه باید همه روزه مطالبات، دیون، داد و ستد تجارتی، معاملات راجع به اوراق تجارتی و جمیع واردات و صادرات تجارتی به هر اسم و رسمی که باشد و وجوهی که برای مخارج شخصی خود برداشت می‌کند، ثبت نماید.

دفتر کل باید کلیه معاملات را لااقل هفته یکمرتبه از دفتر روزنامه استخراج و انواع مختلف آن را تشخیص و جدا کرده، هر نوعی را در صفحه مخصوصی در آن دفتر بطور خلاصه ثبت کند.","['ماده 9 - دفتر دارائي دفتري است كه تاجر بايد هر سال صورت جامعي از كليه دارائي منقول و غير منقول و ديون و مطالبات سال گذشته خود را بريز ترتيب داده در آن دفتر ثبت و امضاء نمايد و اين كار بايد تا پانزدهم فروردين سال بعد انجام پذيرد.\n\n'
 'ماده 8 - دفتر كل دفتري است كه تاجر بايد كليه معاملات را لااقل هفته يكمرتبه از دفتر روزنامه استخراج و انواع مختلفه آن را تشخيص و جدا كرده هر نوعي را در صفحه مخصوصي در آن دفتر بطور خلاصه ثبت كند.\n\n'
 'ماده 10 - دفتر كپيه دفتري است كه تاجر بايد كليه مراسلات و مخابرات و صورتحسابهاي صادره خود را در آن بترتيب تاريخ ثبت نمايد.\n\nتبصره - تاجر بايد كليه مراسلات و مخابرات و صورت حسابهاي وارده را نيز بترتيب تاريخ ورود مرتب نموده و در لفاف مخصوصي ضبط كند.\n\n'
 'ماده 297 - دفتر محكمه يا دفتر مقاماتيكه وظيفه محكمه را انجام ميدهند بايد مفاد اعتراضنامه را روز بروز بترتيب تاريخ و نمره در دفترمخصوصي كه صفحات آن بتوسط رئيس محكمه يا قائم مقام او نمره و امضاء شده است ثبت نمايند - در صورتيكه محل اقامت براتدهنده ياظهرنويس اولي در روي برات قيد شده باشد دفتر محكمه بايد آنها را توسط كاغذ سفارشي از علل امتناع از تأديه مستحضر سازد.\n\nمبحث يازدهم - برات رجوعي\n\n'
 'ماده 7 - دفتر روزنامه دفتري است كه تاجر بايد همه روزه مطالبات و ديون و داد و ستد تجارتي و معاملات راجع به اوراق تجارتي (از قبيل خريد و فروش و ظهرنويسي) و بطور كلي جميع واردات و صادرات تجارتي خود را بهر اسم و رسمي كه باشد و وجوهي را كه براي مخارج شخصي خود برداشت ميكند در آن دفتر ثبت نمايد.\n\n']",دفتر روزنامه باید روزانه تمام مطالبات، دیون، و داد و ستد تجارتی ثبت شود، در حالی که دفتر کل باید حداقل هفته‌ای یک بار کلیه معاملات را از دفتر روزنامه استخراج و ثبت کند. (ماده 7 و ماده 8),,0.790101206067103,1.0,0.99999999998
2,نقش دفتر دارایی و دفتر کپیه در نگهداری سوابق تجاری چیست؟,دفتر دارایی برای ثبت و امضاء دارایی منقول و غیر منقول، دیون و مطالبات سال گذشته تاجر استفاده می‌شود. دفتر کپیه نیز برای ثبت مراسلات، مخابرات و صورت‌حساب‌های صادره تاجر استفاده می‌شود.,"['ماده 9 - دفتر دارائي دفتري است كه تاجر بايد هر سال صورت جامعي از كليه دارائي منقول و غير منقول و ديون و مطالبات سال گذشته خود را بريز ترتيب داده در آن دفتر ثبت و امضاء نمايد و اين كار بايد تا پانزدهم فروردين سال بعد انجام پذيرد.\n\n'
 'ماده 7 - دفتر روزنامه دفتري است كه تاجر بايد همه روزه مطالبات و ديون و داد و ستد تجارتي و معاملات راجع به اوراق تجارتي (از قبيل خريد و فروش و ظهرنويسي) و بطور كلي جميع واردات و صادرات تجارتي خود را بهر اسم و رسمي كه باشد و وجوهي را كه براي مخارج شخصي خود برداشت ميكند در آن دفتر ثبت نمايد.\n\n'
 'ماده 10 - دفتر كپيه دفتري است كه تاجر بايد كليه مراسلات و مخابرات و صورتحسابهاي صادره خود را در آن بترتيب تاريخ ثبت نمايد.\n\nتبصره - تاجر بايد كليه مراسلات و مخابرات و صورت حسابهاي وارده را نيز بترتيب تاريخ ورود مرتب نموده و در لفاف مخصوصي ضبط كند.\n\n'
 'ماده 309 - تمام مقررات راجع به بروات تجارتي (از مبحث چهارم الي آخر فصل اول اين باب) در مورد فتهطلب نيز لازمالرعايه است.\n\nفصل سوم - چك\n\n'
 'ماده 503 - هر گاه تاجري ورشكست و امرش منتهي بقرارداد ارفاقي گرديد و ثانياً بدون اينكه قرارداد مزبور ابطال يا فسخ شود ورشكست شد مقررات دو ماده قبل در ورشكستگي ثانوي لازمالاجرا است.\n\nمبحث سوم - در تفريغ حساب و ختم عمل ورشكستگي\n\n']",دفتر دارایی صورت جامعی از دارایی‌ها و دیون سالانه را ارائه می‌دهد، در حالی که دفتر کپیه برای ثبت تمام مراسلات و مخابرات تجاری استفاده می‌شود. (ماده 9 و ماده 10),1.0,0.8923898327405578,1.0,0.7555555555303703
3,اهمیت ثبت دفاتر تجاری پیش از استفاده چیست و چه کسانی باید این کار را انجام دهند؟,ثبت دفاتر تجاری اهمیت بسیاری دارد زیرا این کار به تنظیم و ثبت معاملات تجاری و مالی تاجران کمک می‌کند و از دسترسی به اطلاعات مربوط به این معاملات برای ارگان‌های مختلف، از جمله دولت و مراجع قضایی، تسهیل می‌کند. افرادی که باید دفاتر تجاری خود را ثبت کنند شامل تمام اشخاصی است که در نقاط مشخص شغل تجارتی دارند، به استثنای کسبه جزء.,"['ماده 16 - در نقاطي كه وزارت عدليه مقتضي دانسته و دفتر ثبت تجارتي تأسيس كند كليه اشخاصي كه در آن نقاط بشغل تجارت اشتغال دارند اعماز ايراني و خارجي باستثناي كسبه جزء بايد در مدت مقرر اسم خود را در دفتر ثبت تجارتي به ثبت برسانند و الا بجزاي نقدي از 000 /000 /10 تا 000 /000 /60 ريال محكوم خواهند شد. \n\n'
 'ماده 18 - شش ماه پس از الزامي شدن ثبت تجارتي هر تاجري كه مكلف بثبت است بايد در كليه اسناد و صورت حسابها و نشريات خطي يا چاپي خود در ايران تصريح نمايد كه در تحت چه نمره بثبت رسيده و الا علاوه بر مجازات مقرر در فوق بجزاي نقدي از 000 /000 /10 تا 000 /000 /60 ريال محكوم مي شود.\n\n'
 'ماده 205 - در هر مورد كه اشخاصي غير از مديران شركت براي تصفيه معين شوند اسامي آنها بايد در اداره ثبت اسناد ثبت و اعلان گردد.\n\n'
 'ماده 8 - دفتر كل دفتري است كه تاجر بايد كليه معاملات را لااقل هفته يكمرتبه از دفتر روزنامه استخراج و انواع مختلفه آن را تشخيص و جدا كرده هر نوعي را در صفحه مخصوصي در آن دفتر بطور خلاصه ثبت كند.\n\n'
 'ماده 7 - دفتر روزنامه دفتري است كه تاجر بايد همه روزه مطالبات و ديون و داد و ستد تجارتي و معاملات راجع به اوراق تجارتي (از قبيل خريد و فروش و ظهرنويسي) و بطور كلي جميع واردات و صادرات تجارتي خود را بهر اسم و رسمي كه باشد و وجوهي را كه براي مخارج شخصي خود برداشت ميكند در آن دفتر ثبت نمايد.\n\n']",ثبت دفاتر تجاری پیش از استفاده برای احراز صحت و دقت آنها ضروری است و باید توسط نماینده اداره ثبت انجام شود. (ماده 11 و ماده 12),1.0,0.910157278597328,0.6666666666666666,0.99999999998
4,چه محدودیت‌هایی برای نوشتن در دفاتر تجاری وجود دارد و تخلف از این محدودیت‌ها چه پیامدهایی دارد؟,"محدودیت‌هایی که برای نوشتن در دفاتر تجاری وجود دارد شامل این است که هر شریک با مسئولیت محدود حق نظارت در امور شرکت دارد و می‌تواند از روی دفاتر اسناد شرکت برای اطلاع شخص خود راجع به وضعیت مالی شرکت صورت خلاصه ترتیب دهد. هر قراردادی که بین شرکاء برخلاف این ترتیب داده شود از درجه اعتبار ساقط است.

تخلف از این محدودیت‌ها می‌تواند منجر به پیامدهایی مانند از دست دادن اعتبار و اعتماد شرکا و همچنین ممکن است باعث مشکلات حقوقی و مالی برای شرکت شود.","['ماده 392 - در هر موردي كه بين متصدي حمل و نقل و مرسلاليه اختلاف باشد محكمه صلاحيتدار محل مي تواند بتقاضاي يكي از طرفين امر دهد مال التجاره نزد ثالثي امانت گذارده شده و يا لديالاقتضاء فروخته شود در صورت اخير فروش بايد پس از تنظيم صورت مجلسي حاكي از آنكه مال التجاره در چه حال بوده بعمل آيد.\nبوسيله پرداخت تمام مخارج و وجوهي كه بابت مال التجاره ادعا مي شود و يا سپردن آن بصندوق عدليه از فروش مال التجاره مي توان جلوگيري كرد.\n\n'
 'ماده 475 - حكم فوق درباره دعوي خياراتي نيز مجري خواهد بود كه تاجر ورشكسته نسبت باموال متصرفي خود يا ديگران دارد مشروط براينكه بر ضرر طلبكارها نباشد.\n\nفصل هفتم - در قرارداد ارفاقي و تصفيه حساب تاجر ورشكسته\n\nمبحث اول - در دعوت طلبكارها و مجمع عمومي آنها\n\n'
 'ماده 154 - بشريك با مسئوليت محدود فرع نميتوان داد مگر در صورتي كه موجب كسر سرمايه او در شركت نشود.\nاگر در نتيجه ضررهاي وارده سهم الشركه شريك با مسئوليت محدود كسر شد مادام كه اين كمبود جبران نشده تأديه هر ربح يا منفعتي باو ممنوع است.\nهر گاه وجهي برخلاف حكم فوق تأديه گرديد شريك با مسئوليت محدود تا معادل وجه دريافتي مسئول تعهدات شركت است مگر در مورديكه با حسن نيت و باعتبار بيلان مرتبي وجهي گرفته باشد.\n\n'
 'ماده 365 - اگر حقالعمل كار مال التجارة را به كمتر از قيمتي كه آمر معين كرده بخرد و يا به بيشتر از قيمتي كه آمر تعيين نموده بفروش رساند حق استفاده از تفاوت نداشته و بايد آنرا در حساب آمر محسوب دارد.\n\n'
 'ماده 147 - هر شريك با مسئوليت محدود حق نظارت در امور شركت داشته و ميتواند از روي دفاتر اسناد شركت براي اطلاع شخص خود راجع بوضعيت مالي شركت صورت خلاصه ترتيب دهد.\nهر قراردادي كه بين شركاء برخلاف اين ترتيب داده شود از درجه اعتبار ساقط است.\n\n']",محدودیت‌هایی مانند ممنوعیت تراشیدن، حک‌کردن، و جای سفید گذاشتن بیش از حد معمول وجود دارد. تخلف از این محدودیت‌ها می‌تواند منجر به جرایم نقدی شود. (ماده 13 و ماده 15),0.2,0.7687014511712946,0.5,0.6791666666496875
5,شرایط ثبت نام تجار در دفتر ثبت تجارتی چیست و چه کسانی مشمول این شرط می‌شوند؟,شرایط ثبت نام تجار در دفتر ثبت تجارتی شامل این است که تمام اشخاصی که در نقاطی که وزارت عدلیه مقتضی دانسته و دفتر ثبت تجارتی تأسیس کند و بشغل تجارت اشتغال دارند، باید اسم خود را در دفتر ثبت تجارتی به ثبت برسانند. این شرط برای اعماز ایرانی و خارجی به جز کسبه جزء اعمال می‌شود.,"['ماده 16 - در نقاطي كه وزارت عدليه مقتضي دانسته و دفتر ثبت تجارتي تأسيس كند كليه اشخاصي كه در آن نقاط بشغل تجارت اشتغال دارند اعماز ايراني و خارجي باستثناي كسبه جزء بايد در مدت مقرر اسم خود را در دفتر ثبت تجارتي به ثبت برسانند و الا بجزاي نقدي از 000 /000 /10 تا 000 /000 /60 ريال محكوم خواهند شد. \n\n'
 'ماده 581 - در موارديكه ثبت اسم تجارتي الزامي شده در موعد مقرر ثبت بعمل نيايد اداره ثبت اقدام بثبت كرده و سه برابر حقالثبت مأخوذ خواهد داشت.\n\n'
 'ماده 7 - دفتر روزنامه دفتري است كه تاجر بايد همه روزه مطالبات و ديون و داد و ستد تجارتي و معاملات راجع به اوراق تجارتي (از قبيل خريد و فروش و ظهرنويسي) و بطور كلي جميع واردات و صادرات تجارتي خود را بهر اسم و رسمي كه باشد و وجوهي را كه براي مخارج شخصي خود برداشت ميكند در آن دفتر ثبت نمايد.\n\n'
 'ماده 18 - شش ماه پس از الزامي شدن ثبت تجارتي هر تاجري كه مكلف بثبت است بايد در كليه اسناد و صورت حسابها و نشريات خطي يا چاپي خود در ايران تصريح نمايد كه در تحت چه نمره بثبت رسيده و الا علاوه بر مجازات مقرر در فوق بجزاي نقدي از 000 /000 /10 تا 000 /000 /60 ريال محكوم مي شود.\n\n'
 'ماده 582 - وزارتعدليه بموجب نظامنامه ترتيب ثبت اسم تجارتي و اعلان آن و اصول محاكمات در دعاوي مربوطه باسم تجارتي را معينخواهد كرد.\n\nباب پانزدهم - شخصيت حقوقي\n\nفصل اول - اشخاص حقوقي\n\n']",تمامی اشخاصی که به شغل تجارت اشتغال دارند باید نام خود را در دفتر ثبت تجارتی به ثبت برسانند، این شامل اشخاص ایرانی و خارجی می‌شود. (ماده 16 و ماده 17),1.0,0.9599839331813654,1.0,0.99999999998
6,چه اطلاعاتی باید توسط تاجر در اسناد تجاری خود ذکر شود و چه مقرراتی برای شناسایی کسبه جزء وجود دارد؟,تاجر باید در اسناد تجاری خود تصریح کند که در تحت چه نمره‌ای ثبت شده است. برای شناسایی کسبه جزء، مقرراتی وجود دارد که در صورت ورشکستگی تاجر، اعلان ورشکستگی باید بر اساس اظهار خود تاجر، تقاضای یک یا چند نفر از طلبکارها یا تقاضای مدعی العموم اعلام شود.,"['ماده 18 - شش ماه پس از الزامي شدن ثبت تجارتي هر تاجري كه مكلف بثبت است بايد در كليه اسناد و صورت حسابها و نشريات خطي يا چاپي خود در ايران تصريح نمايد كه در تحت چه نمره بثبت رسيده و الا علاوه بر مجازات مقرر در فوق بجزاي نقدي از 000 /000 /10 تا 000 /000 /60 ريال محكوم مي شود.\n\n'
 'ماده 415 - ورشكستگي تاجر بحكم محكمه بدايت در موارد ذيل اعلام مي شود:\nالف) بر حسب اظهار خود تاجر.\nب) بموجب تقاضاي يك يا چند نفر از طلبكارها.\nج) بر حسب تقاضاي مدعيالعموم بدايت.\n\n'
 'ماده 541 - تاجر در موارد ذيل ورشكسته بتقصير اعلان ميشود:\n1) در صورتيكه محقق شود مخارج شخصي يا مخارج خانه مشاراليه در ايام عادي بالنسبه به عايدي او فوقالعاده بوده است.\n2) در صورتيكه محقق شود كه تاجر نسبت بسرمايه خود مبالغ عمده صرف معاملاتي كرده كه در عرف تجارت موهوم يا نفع آن منوط به اتفاق محض است.\n3) اگر بقصد تأخير انداختن ورشكستگي خود خريدي بالاتر يا فروشي نازلتر از مظنه روز كرده باشد يا اگر بهمان قصد وسايلي كه دور از صرفه است بكار برده تا تحصيل وجهي نمايد اعم از اينكه از راه استقراض يا صدور برات يا بطريق ديگر باشد.\n4) اگر يكي از طلبكارها را پس از تاريخ توقف بر سايرين ترجيح داده و طلب او را پرداخته باشد.\n\n'
 'ماده 531 - هر گاه تمام يا قسمتي از مال التجارة كه براي فروش بتاجر ورشكسته داده شده بود معامله شده و بهيچ نحوي بين خريدار و تاجر ورشكسته احتساب نشده باشد از طرف صاحب مال قابل استرداد است اعم از اينكه نزد تاجر ورشكسته يا خريدار باشد و بطور كلي عين هر مال متعلق بديگري كه در نزد تاجر ورشكسته موجود باشد قابل استرداد است.\n\n'
 'ماده 10 - دفتر كپيه دفتري است كه تاجر بايد كليه مراسلات و مخابرات و صورتحسابهاي صادره خود را در آن بترتيب تاريخ ثبت نمايد.\n\nتبصره - تاجر بايد كليه مراسلات و مخابرات و صورت حسابهاي وارده را نيز بترتيب تاريخ ورود مرتب نموده و در لفاف مخصوصي ضبط كند.\n\n']",تاجر باید در اسناد خود تصریح کند که تحت چه نمره‌ای به ثبت رسیده است. شناسایی کسبه جزء مطابق مقررات نظامنامه وزارت عدلیه انجام می‌گیرد. (ماده 18 و ماده 19),1.0,0.9323295424239,1.0,0.7555555555303703
7,انواع شرکت‌های تجارتی و تعریف آنها چگونه است؟,انواع شرکت‌های تجارتی شامل شرکت سهامی، شرکت با مسئولیت محدود، شرکت تضامنی، شرکت مختلط غیر سهامی، شرکت مختلط سهامی، شرکت نسبی و شرکت تعاونی تولید و مصرف می‌باشد.,"['ماده 20 - شركتهاي تجارتي بر هفت قسم است:\n1) شركت سهامي.\n2) شركت با مسئوليت محدود.\n3) شركت تضامني.\n4) شركت مختلط غير سهامي.\n5) شركت مختلط سهامي.\n6) شركت نسبي.\n7) شركت تعاوني توليد و مصرف.\n\nمبحث اول\nشركتهاي سهامي\n\nبخش 1 (الحاقي 24ˏ12ˏ1347)\nتعريف و تشكيل شركت سهامي\n\n'
 'ماده 190 - شركت تعاوني توليد شركتي است كه بين عدة از ارباب حرف تشكيل ميشود و شركاء مشاغل خود را براي توليد و فروش اشياء يا اجناس بكار ميبرند.\n\n'
 'ماده 183 - شركت نسبي شركتي است كه براي امور تجارتي در تحت اسم مخصوصي بين دو يا چند نفر تشكيل و مسئوليت هر يك از شركاء بنسبت سرمايهايست كه در شركت گذاشته.\n\n'
 'ماده 192 - شركت تعاوني مصرف شركتي است كه براي مقاصد ذيل تشكيل ميشود:\n1 - فروش اجناس لازمه براي مصارف زندگاني اعم از اينكه اجناس مزبوره را شركاء ايجاد كرده يا خريده باشند.\n2 - تقسيم نفع و ضرر بين شركاء بنسبت خريد هر يك از آنها.\n\n'
 'ماده 213 - در شركتهاي سهامي و شركتهاي با مسئوليت محدود و شركتهاي تعاوني امر تصفيه بعهده مديران شركت است مگر آنكه اساسنامه يا اكثريت مجمع عمومي شركت ترتيب ديگري مقرر داشته باشد.\n\n']",انواع شرکت‌های تجارتی شامل شرکت سهامی، با مسئولیت محدود، تضامنی، مختلط غیر سهامی، مختلط سهامی، نسبی، و تعاونی تولید و مصرف می‌شوند. (ماده 20 و ماده 21),1.0,0.9627713299349748,1.0,0.999999999975
8,تفاوت بین شرکت‌های سهامی عام و خاص چیست و چه شرایطی برای تأسیس آنها وجود دارد؟,"تفاوت اصلی بین شرکت‌های سهامی عام و خاص این است که در شرکت سهامی عام، سرمایه شرکت از طریق فروش سهام به عموم مردم تأمین می‌شود، در حالی که در شرکت سهامی خاص، تمام سرمایه آن توسط موسسین تأمین می‌شود.

برای تبدیل یک شرکت سهامی خاص به شرکت سهامی عام، باید شرایط زیر را رعایت کرد:
1. تصویب مجمع عمومی فوق‌العاده شرکت سهامی خاص.
2. حداقل سرمایه شرکت باید مطابق با مقررات شرکت‌های سهامی عام باشد یا سرمایه شرکت افزایش یابد.
3. دو سال تمام از تاریخ تأسیس و ثبت شرکت گذشته باشد و دو ترازنامه آن تصویب شده باشد.
4. اساسنامه شرکت باید با رعایت مقررات مربوطه تنظیم یا اصلاح شده باشد.","['ماده 278(الحاقي 24ˏ12ˏ1347)- شركت سهامي خاص در صورتي ميتواند بشركت سهامي عام تبديل شود كه اولاً موضوع بتصويب مجمع عمومي فوقالعادهشركت سهامي خاص رسيده باشد ثانياً سرمايه آن حداقل بميزاني باشد كه براي شركتهاي سهامي عام مقرر شده است و يا شركت سرمايه خود را بميزان مذكور افزايش دهد. ثالثاً دو سال تمام از تاريخ تأسيس و ثبت شركت گذشته و دو ترازنامه آن بتصويب مجمع عمومي صاحبان سهام رسيدهباشد. رابعاً اساسنامه آن با رعايت مقررات اين قانون در مورد شركتهاي سهامي عام تنظيم يا اصلاح شده باشد.\n\n\n\n'
 'ماده 213 - در شركتهاي سهامي و شركتهاي با مسئوليت محدود و شركتهاي تعاوني امر تصفيه بعهده مديران شركت است مگر آنكه اساسنامه يا اكثريت مجمع عمومي شركت ترتيب ديگري مقرر داشته باشد.\n\n'
 'ماده 162 - شركت مختلط سهامي شركتي است كه در تحت اسم مخصوصي بين يك عده شركاءِ سهامي و يك يا چند نفر شريك ضامن تشكيل ميشود.\nشركاء سهامي كساني هستند كه سرمايه آنها بصورت سهام يا قطعات سهام متساويالقيمه در آمده و مسئوليت آنها تا ميزان همان سرماية است كه در شركت دارند.\nشريك ضامن كسي است كه سرمايه او بصورت سهام در نيامده و مسئول كليه قروضي است كه ممكن است علاوه بر دارائي شركت پيدا شود در صورت تعدّد شريك ضامن مسئوليت آنها در مقابل طلبكاران و روابط آنها با يكديگر تابع مقررات شركت تضامني خواهد بود.\n\n'
 'ماده 4(الحاقي 24ˏ12ˏ1347)- شركت سهامي بدو نوع تقسيم ميشود:\nنوع اول - شركتهائي كه مؤسسين آنها قسمتي از سرمايه شركت را از طريق فروش سهام بمردم تأمين ميكنند. اينگونه شركتها شركت سهامي عام ناميده ميشوند.\nنوع دوم - شركتهائي كه تمام سرمايه آنها در موقع تأسيس منحصراً توسط مؤسسين تأمين گرديده است. اينگونه شركتها شركت سهامي خاص ناميده ميشوند.\n\nتبصره (الحاقي 24ˏ12ˏ1347)- در شركتهاي سهامي عام عبارت شركت سهامي عام و در شركتهاي سهامي خاص عبارت  شركت سهامي خاص بايد قبل از نامشركت يا بعد از آن بدون فاصله با نام شركت در كليه اوراق و اطلاعيهها و آگهيها[آگهيهاي] شركت بطور روشن و خوانا قيد شود.\n\n\n'
 'ماده 183 - شركت نسبي شركتي است كه براي امور تجارتي در تحت اسم مخصوصي بين دو يا چند نفر تشكيل و مسئوليت هر يك از شركاء بنسبت سرمايهايست كه در شركت گذاشته.\n\n']",شرکت‌های سهامی عام به عموم مردم اجازه می‌دهند تا در آن سهام داشته باشند، در حالی که شرکت‌های سهامی خاص تنها با تعداد محدودی از سهامداران کار می‌کنند. شرایط تأسیس شامل ثبت رسمی و رعایت مقررات خاص است. (ماده 20 و ماده 22),1.0,0.9581481583340524,1.0,0.99999999998
9,چگونه می‌توان شرکتی را به ثبت رساند و چه مدارکی لازم است؟,برای ثبت یک شرکت، مؤسسین باید حداقل بیست درصد سرمایه شرکت را خود تعهد کرده و حداقل سی و پنج درصد مبلغ تعهد شده را در حسابی بنام شرکت در بانک سپرده کنند. سپس اظهارنامه‌ها به ضمیمه طرح اساسنامه شرکت و طرح اعلامیه پذیره‌نویسی سهام که به امضاء کلیه مؤسسین رسیده باشد، در دفتر ثبت شرکتها تحویل داده شود. همچنین در صورتی که قسمتی از تعهد مؤسسین به صورت غیرنقد باشد، باید عین آن یا مدارک مالکیت آن را در همان بانکی که برای پرداخت نقدی حساب باز شده است تودیع کرده و گواهی بانک را به ضمیمه اظهارنامه و ضمائم آن به مرجع ثبت شرکتها تحویل دهند.,"['ماده 205 - در هر مورد كه اشخاصي غير از مديران شركت براي تصفيه معين شوند اسامي آنها بايد در اداره ثبت اسناد ثبت و اعلان گردد.\n\n'
 'ماده 595 - هر گاه مدت مذكور در ماده فوق براي تهيه مقدمات ثبت كافي نباشد ممكن است تا ششماه ديگر از طرف محكمه صلاحيتدار مهلتاضافي داده شود مشروط بر اينكه در موقع تقاضاي تمديد نصف حقالثبت شركت پرداخته شود.\n\n'
 'ماده 201(الحاقي 24ˏ12ˏ1347)- در موارد زير هر ذينفع ميتواند انحلال شركت را از دادگاه بخواهد\n1 - در صورتيكه تا يكسال پس از به ثبت رسيدن شركت هيچ اقدامي جهت انجام موضوع آن صورت نگرفته باشد و نيز در صورتيكه فعاليتهاي شركت در مدت بيش از يكسال متوقف شده باشد.\n2 - در صورتيكه مجمع عمومي سالانه براي رسيدگي بحسابهاي هر يك از سالهاي مالي تا ده ماه از تاريخي كه اساسنامه معين كرده استتشكيل نشده باشد.\n3 - در صورتيكه سمت تمام يا بعضي از اعضاي هيئت مديره و همچنين سمت مدير عامل شركت طي مدتي زائد بر ششماه بلامتصدي ماندهباشد.\n4 - در مورد بندهاي يك و دو ماده 199 در صورتيكه مجمع عمومي فوقالعاده صاحبان سهام جهت اعلام انحلال شركت تشكيل نشود و يا راي بانحلال شركت ندهد.\n\n'
 'ماده 196 - اسناد و نوشتجاتي كه براي بثبت رسانيدن شركت لازم است در نظامنامه وزارتعدليه معين ميشود.\n\n'
 'ماده 6(الحاقي 24ˏ12ˏ1347)- براي تأسيس شركتهاي سهامي عام مؤسسين بايد اقلا بيست درصد سرمايه شركت را خود تعهد كرده و لااقل سي و پنج درصد مبلغ تعهد شده را در حسابي بنام شركت در شرف تأسيس نزد يكي از بانكها سپرده سپس اظهارنامهاي به ضميمه طرح اساسنامه شركت و طرح اعلاميه پذيرهنويسي سهام كه به امضاء كليه مؤسسين رسيده باشد در تهران باداره ثبت شركتها و در شهرستانها بدايره ثبت شركتها و در نقاطي كه دايرهثبت شركتها وجود ندارد به اداره ثبت اسناد و املاك محل تسليم و رسيد دريافت كنند\n\nتبصره (الحاقي 24ˏ12ˏ1347)- هرگاه قسمتي از تعهد مؤسسين بصورت غير نقد باشد بايد عين آن يا مدارك مالكيت آنرا در همان بانكي كه براي پرداخت مبلغ نقديحساب باز شده است توديع و گواهي بانك را به ضميمه اظهارنامه و ضمائم آن بمرجع ثبت شركتها تسليم نمايند.\n\n']",برای ثبت یک شرکت، لازم است که اسناد و مدارک مربوط به تأسیس شرکت ارائه و مطابق با مقررات ثبت شوند. (ماده 22 و ماده 23),1.0,0.7810212777478865,1.0,0.19999999998
10,تفاوت اصلی بین شرکت با مسئولیت محدود و شرکت تضامنی چیست؟,تفاوت اصلی بین شرکت با مسئولیت محدود و شرکت تضامنی این است که در شرکت با مسئولیت محدود، شرکا مسئولیت خود را تا میزان سرمایه شان در شرکت محدود می‌کنند و تنها به اندازه سرمایه‌ی خود در شرکت مسئول هستند. اما در شرکت تضامنی، هر یک از شرکا می‌توانند به صورت نامحدود و تضامنی برای تمامی بدهی‌ها و تعهدات شرکت پاسخگو باشند.,"['ماده 152 - هر گاه شركت بطريقي غير از ورشكستگي منحل شود و شريك با مسئوليت محدود هنوز تمام يا قسمتي از سهم الشركه خود را نپرداخته و يا پس از تأديه مسترد داشته است طلبكاران شركت حق دارند معادل آنچه كه از بابت سهم الشركه باقي مانده است مستقيماً بر عليه شريك با مسئولت [مسئوليت] محدود اقامه دعوي نمايند. اگر شركت ورشكست شود حق مزبور را مدير تصفيه خواهد داشت.\n\n'
 'ماده 213 - در شركتهاي سهامي و شركتهاي با مسئوليت محدود و شركتهاي تعاوني امر تصفيه بعهده مديران شركت است مگر آنكه اساسنامه يا اكثريت مجمع عمومي شركت ترتيب ديگري مقرر داشته باشد.\n\n'
 'ماده 95 - در اسم شركت بايد عبارت (با مسئوليت محدود) قيد شود و الا آن شركت در مقابل اشخاص ثالث شركت تضامني محسوب و تابعمقررات آن خواهد بود.\nاسم شركت نبايد متضمن اسم هيچيك از شركاء باشد و الا شريكي كه اسم او در اسم شركت قيد شده در مقابل اشخاص ثالث حكم شريك ضامن درشركت تضامني را خواهد داشت.\n\n'
 'ماده 144 - اداره شركت مختلط غير سهامي بعهده شريك يا شركاي ضامن و حدود اختيارات آنها همان است كه در مورد شركاءِ شركت تضامني مقرر است.\n\n'
 'ماده 154 - بشريك با مسئوليت محدود فرع نميتوان داد مگر در صورتي كه موجب كسر سرمايه او در شركت نشود.\nاگر در نتيجه ضررهاي وارده سهم الشركه شريك با مسئوليت محدود كسر شد مادام كه اين كمبود جبران نشده تأديه هر ربح يا منفعتي باو ممنوع است.\nهر گاه وجهي برخلاف حكم فوق تأديه گرديد شريك با مسئوليت محدود تا معادل وجه دريافتي مسئول تعهدات شركت است مگر در مورديكه با حسن نيت و باعتبار بيلان مرتبي وجهي گرفته باشد.\n\n']",در شرکت با مسئولیت محدود، شرکاء تنها تا میزان سرمایه‌ای که در شرکت گذاشته‌اند مسئول هستند، در حالی که در شرکت تضامنی، هر یک از شرکاء مسئول پرداخت تمام قروض شرکت است. (مواد 94 و 116),1.0,0.9999999999999992,1.0,0.99999999998
11,چه مدارکی برای تشکیل شرکت با مسئولیت محدود نیاز است؟,برای تشکیل شرکت با مسئولیت محدود، نیاز به اساسنامه شرکت و تأیید ثبت شرکت در اداره ثبت شرکت‌ها و مالکیت صنعتی است.,"['ماده 152 - هر گاه شركت بطريقي غير از ورشكستگي منحل شود و شريك با مسئوليت محدود هنوز تمام يا قسمتي از سهم الشركه خود را نپرداخته و يا پس از تأديه مسترد داشته است طلبكاران شركت حق دارند معادل آنچه كه از بابت سهم الشركه باقي مانده است مستقيماً بر عليه شريك با مسئولت [مسئوليت] محدود اقامه دعوي نمايند. اگر شركت ورشكست شود حق مزبور را مدير تصفيه خواهد داشت.\n\n'
 'ماده 94 - شركت با مسئوليت محدود شركتي است كه بين دو يا چند نفر براي امور تجارتي تشكيل شده و هر يك از شركاء بدون اينكه سرمايه بسهام يا قطعات سهام تقسيم شده باشد - فقط تا ميزان سرمايه خود در شركت مسئول قروض و تعهدات شركت است.\n\n'
 'ماده 213 - در شركتهاي سهامي و شركتهاي با مسئوليت محدود و شركتهاي تعاوني امر تصفيه بعهده مديران شركت است مگر آنكه اساسنامه يا اكثريت مجمع عمومي شركت ترتيب ديگري مقرر داشته باشد.\n\n'
 'ماده 104 - شركت با مسئوليت محدود بوسيله يك يا چند نفر مدير موظف يا غير موظف كه از بين شركاء يا از خارج براي مدت محدود يانامحدودي معين ميشوند اداره ميگردد.\n\n'
 'ماده 109 - هر شركت با مسئوليت محدود كه عده شركاءِ آن بيش از دوازده نفر باشد بايد داراي هيئت نظار بوده و هيئت مزبور لااقل سالي يكمرتبه مجمع عمومي شركاء را تشكيل دهد.\nهيئت نظار بايد بلافاصله بعد از انتخاب شدن تحقيق كرده و اطمينان حاصل كند كه دستور مواد 96 و 97 رعايت شده است.\nهيئت نظار ميتواند شركاء را براي انعقاد مجمع عمومي فوقالعاده دعوت نمايد مقررات مواد 165 - 167 - 168 و 170 در مورد شركتهاي با مسئوليت محدود نيز رعايت خواهد شد.\n\n']",برای تشکیل شرکت با مسئولیت محدود نیاز است که تمام سرمایه نقدی پرداخت شده و سهم‌الشرکه‌های غیر نقدی تقویم و تسلیم شود. (مواد 96 و 97),1.0,0.982619287593404,1.0,0.4499999999775
12,چگونه تغییرات در اساسنامه شرکت با مسئولیت محدود انجام می‌شود؟,تغییرات در اساسنامه شرکت با مسئولیت محدود باید با اکثریت عددی شرکاء که حداقل سه چهارم سرمایه را نیز دارا باشند، انجام شود مگر اینکه در اساسنامه اکثریت دیگری مقرر شده باشد.,"['ماده 213 - در شركتهاي سهامي و شركتهاي با مسئوليت محدود و شركتهاي تعاوني امر تصفيه بعهده مديران شركت است مگر آنكه اساسنامه يا اكثريت مجمع عمومي شركت ترتيب ديگري مقرر داشته باشد.\n\n'
 'ماده 83(الحاقي 24ˏ12ˏ1347)- هر گونه تغيير در مواد اساسنامه يا در سرمايه شركت يا انحلال شركت قبل از موعد منحصراً در صلاحيت مجمع عمومي فوقالعادهميباشد. \n\n'
 'ماده 104 - شركت با مسئوليت محدود بوسيله يك يا چند نفر مدير موظف يا غير موظف كه از بين شركاء يا از خارج براي مدت محدود يانامحدودي معين ميشوند اداره ميگردد.\n\n'
 'ماده 152 - هر گاه شركت بطريقي غير از ورشكستگي منحل شود و شريك با مسئوليت محدود هنوز تمام يا قسمتي از سهم الشركه خود را نپرداخته و يا پس از تأديه مسترد داشته است طلبكاران شركت حق دارند معادل آنچه كه از بابت سهم الشركه باقي مانده است مستقيماً بر عليه شريك با مسئولت [مسئوليت] محدود اقامه دعوي نمايند. اگر شركت ورشكست شود حق مزبور را مدير تصفيه خواهد داشت.\n\n'
 'ماده 111 - هر تغيير ديگري راجع باساسنامه بايد باكثريت عددي شركاء كه لااقل سه ربع سرمايه را نيز دارا باشند بعمل آيد مگر اينكه در اساسنامه اكثريت ديگري مقرر شده باشد.\n\n']",هر تغییر در اساسنامه باید با اکثریت عددی شرکاء که لااقل سه ربع سرمایه را دارا باشند، انجام گیرد. (ماده 111),0.6666666666666666,0.9660390177981656,1.0,0.4499999999775
13,چه کسانی در شرکت با مسئولیت محدود می‌توانند به عنوان مدیر انتخاب شوند؟,اشخاص حقوقی,"['ماده 110(الحاقي 24ˏ12ˏ1347)- اشخاص حقوقي را ميتوان بمديريت شركت انتخاب نمود. در اين صورت شخص حقوقي همان مسئوليتهاي مدني شخص حقيقيعضو هيئت مديره را داشته و بايد يك نفر را بنمايندگي دائمي خود جهت انجام وظايف مديريت معرفي نمايد.\nچنين نمايندهاي مشمول همان شرايط و تعهدات و مسئوليتهاي مدني و جزائي عضو هيئت مديره بوده و از جهت مدني با شخص حقوقي كه او را بنمايندگي تعيين نموده است مسئوليت تضامني خواهد داشت.\nشخص حقوقي عضو هيئت مديره ميتواند نماينده خود را عزل كند بشرط آنكه در همان موقع جانشين او را كتباً بشركت معرفي نمايد وگرنه غايب محسوب ميشود. \n\n'
 'ماده 104 - شركت با مسئوليت محدود بوسيله يك يا چند نفر مدير موظف يا غير موظف كه از بين شركاء يا از خارج براي مدت محدود يانامحدودي معين ميشوند اداره ميگردد.\n\n'
 'ماده 126(الحاقي 24ˏ12ˏ1347)- اشخاص مذكور در ماده 111 نميتوانند بمديريت عامل شركت انتخاب شوند و همچنين هيچكس نميتواند در عين حال مديريتعامل بيش از يك شركت را داشته باشد. تصميمات و اقدامات مدير عاملي كه برخلاف مفاد اين ماده انتخاب شده است در مقابل صاحبان سهام واشخاص ثالث معتبر و مسئوليتهاي سمت مديريت عامل شامل حال او خواهد شد. \n\n'
 'ماده 88(الحاقي 24ˏ12ˏ1347)- در مجمع عمومي عادي تصميمات همواره باكثريت نصف بعلاوه يك آراء حاضر در جلسه رسمي معتبر خواهد بود مگر در مورد انتخاب مديران و بازرسان كه اكثريت نسبي كافي خواهد بود.\nدر مورد انتخاب مديران تعداد آراء هر رأي دهنده در عدد مديراني كه بايد انتخاب شوند ضرب ميشود و حق رأي هر رأي دهنده برابر با حاصل ضربمذكور خواهد بود. رأي دهنده ميتواند آراء خود را بيك نفر بدهد يا آنرا بين چند نفري كه مايل باشد تقسيم كند. اساسنامه شركت نميتواند خلاف اين ترتيب را مقرر دارد.\n\n'
 'ماده 136(الحاقي 24ˏ12ˏ1347)- در صورت انقضاء مدت مأموريت مديران تا زمان انتخاب مديران جديد مديران سابق كماكان مسئول امور شركت و اداره آن خواهند بود.هرگاه مراجع موظف بدعوت مجمع عمومي بوظيفه خود عمل نكنند هر ذينفع ميتواند از مرجع ثبت شركتها دعوت مجمع عمومي عادي را برايانتخاب مديران تقاضا نمايد. \n\n']",در شرکت با مسئولیت محدود، مدیران می‌توانند از بین شرکاء یا افراد خارج از شرکت برای مدت محدود یا نامحدود انتخاب شوند. (ماده 104),,0.9033017583896652,1.0,0.99999999998
14,چه زمانی شرکت با مسئولیت محدود می‌تواند منحل شود؟,هرگاه شرکت به طریقی غیر از ورشکستگی منحل شود.,"['ماده 152 - هر گاه شركت بطريقي غير از ورشكستگي منحل شود و شريك با مسئوليت محدود هنوز تمام يا قسمتي از سهم الشركه خود را نپرداخته و يا پس از تأديه مسترد داشته است طلبكاران شركت حق دارند معادل آنچه كه از بابت سهم الشركه باقي مانده است مستقيماً بر عليه شريك با مسئولت [مسئوليت] محدود اقامه دعوي نمايند. اگر شركت ورشكست شود حق مزبور را مدير تصفيه خواهد داشت.\n\n'
 'ماده 104 - شركت با مسئوليت محدود بوسيله يك يا چند نفر مدير موظف يا غير موظف كه از بين شركاء يا از خارج براي مدت محدود يانامحدودي معين ميشوند اداره ميگردد.\n\n'
 'ماده 154 - بشريك با مسئوليت محدود فرع نميتوان داد مگر در صورتي كه موجب كسر سرمايه او در شركت نشود.\nاگر در نتيجه ضررهاي وارده سهم الشركه شريك با مسئوليت محدود كسر شد مادام كه اين كمبود جبران نشده تأديه هر ربح يا منفعتي باو ممنوع است.\nهر گاه وجهي برخلاف حكم فوق تأديه گرديد شريك با مسئوليت محدود تا معادل وجه دريافتي مسئول تعهدات شركت است مگر در مورديكه با حسن نيت و باعتبار بيلان مرتبي وجهي گرفته باشد.\n\n'
 'ماده 213 - در شركتهاي سهامي و شركتهاي با مسئوليت محدود و شركتهاي تعاوني امر تصفيه بعهده مديران شركت است مگر آنكه اساسنامه يا اكثريت مجمع عمومي شركت ترتيب ديگري مقرر داشته باشد.\n\n'
 'ماده 150 - در مورد تعهداتي كه شركت مختلط غيرسهامي ممكن است قبل از ثبت شركت كرده باشد شريك با مسئوليت محدود در مقابل اشخاص ثالث در حكم شريك ضامن خواهد بود مگر ثابت نمايد كه اشخاص مزبور از محدود بودن مسئوليت او اطلاع داشتهاند.\n\n']",شرکت با مسئولیت محدود می‌تواند در صورت تصمیم شرکاء با بیش از نصف سرمایه یا در صورتی که نصف سرمایه شرکت از بین برود و یکی از شرکاء انحلال را درخواست کند، منحل شود. (ماده 114),1.0,0.7813931361789982,1.0,0.8041666666465626
15,شرایط فسخ شرکت تضامنی چیست؟,"شرایط فسخ شرکت تضامنی شامل این موارد است:
1. حق فسخ باید در اساسنامه شرکت وجود داشته باشد و از شرکاء سلب نشده باشد.
2. تقاضای فسخ باید حداقل شش ماه قبل از فسخ به صورت کتبی اعلام شود.
3. اگر موافقت اساسنامه صورت گرفته باشد، فسخ باید سال به سال بررسی شود و در موقع ختم محاسبه سالیانه انجام شود.","['ماده 137 - فسخ شركت در صورتي ممكن است كه در اساسنامه اين حق از شركاء سلب نشده و ناشي از قصد اضرار نباشد - تقاضاي فسخ بايد شش ماه قبل از فسخ كتباً بشركاء اعلام شود.\nاگر موافق اساسنامه بايد سال بسال بحساب شركت رسيدگي شود فسخ در موقع ختم محاسبه ساليانه بعمل ميآيد.\n\n'
 'ماده 127 - بورشكستگي شركت تضامني بعد از انحلال نيز ميتوان حكم داد مشروط باينكه دارائي شركت تقسيم نشده باشد.\n\n'
 'ماده 118 - شركت تضامني وقتي تشكيل ميشود كه تمام سرمايه نقدي تأديه و سهم الشركه غيرنقدي نيز تقويم و تسليم شده باشد.\n\n'
 'ماده 116 - شركت تضامني شركتي است كه در تحت اسم مخصوصي براي امور تجارتي بين دو يا چند نفر با مسئوليت تضامني تشكيل ميشود : اگر دارائي شركت براي تأديه تمام قروض كافي نباشد هر يك از شركاء مسئول پرداخت تمام قروض شركت است.\nهر قراري كه بين شركاء برخلاف اين ترتيب داده شده باشد در مقابل اشخاص ثالث كان لم يكن خواهد بود.\n\n'
 'ماده 135 - هر شركت تضامني مي تواند با تصويب تمام شركاء بشركت سهامي مبدل گردد در اينصورت رعايت تمام مقررات راجعه بشركت سهامي حتمي است.\n\n']",فسخ شرکت تضامنی در صورتی ممکن است که در اساسنامه حق فسخ سلب نشده باشد و باید شش ماه قبل از فسخ، کتباً به شرکاء اعلام شود. (ماده 137),1.0,0.9988337387221692,1.0,0.99999999995
16,در صورت فوت یکی از شرکاء شرکت تضامنی، چه اقداماتی باید انجام شود؟,در صورت فوت یکی از شرکاء شرکت تضامنی، بقای شرکت موقوف بر رضایت سایر شرکاء و قائم مقام متوفی خواهد بود. اگر سایر شرکاء تصمیم به بقای شرکت داشته باشند، قائم مقام متوفی باید در مدت یک ماه از تاریخ فوت رضایت یا عدم رضایت خود را کتباً اعلام کند. در صورت اعلام رضایت، قائم مقام متوفی نسبت به اعمال شرکت در مدت مزبور از نفع و ضرر شریک خواهد بود، اما در صورت اعلام عدم رضایت، شریک بوده و نسبت به ضرر آن مدت سهیم نخواهد بود.,"['ماده 139 - در صورت فوت يكي از شركاء بقاءِ شركت موقوف برضايت ساير شركاء و قائم مقام متوفي خواهد بود - اگر ساير شركاء ببقاءِ شركت تصميم نموده باشند قائم مقام متوفي بايد در مدت يكماه از تاريخ فوت رضايت يا عدم رضايت خود را راجع ببقاءِ شركت كتباً اعلام نمايد در صورتيكه قائم مقام متوفي رضايت خود را اعلام نمود نسبت باعمال شركت در مدت مزبور از نفع و ضرر شريك خواهد بود ولي در صورت اعلام عدم رضايت در منافع حاصله در مدت مذكور شريك بوده و نسبت بضرر آن مدت سهيم نخواهد بود.\nسكوت تا انقضاي يكماه در حكم اعلام رضايت است.\n\n'
 'ماده 122 - در شركتهاي تضامني اگر سهمالشركه يك يا چند نفر غير نقدي باشد بايد سهمالشركه مزبور قبلاً بتراضي تمام شركاء تقويم شود.\n\n'
 'ماده 506 - اگر شركت تضامني - مختلط يا نسبي ورشكست شود طلبكارها ميتوانند قرارداد ارفاقي را با شركت يا منحصراً با يك يا چند نفر ازشركاءِ ضامن منعقد نمايند. در صورت ثاني دارائي شركت تابع مقررات اين مبحث و بغرما تقسيم ميشود ولي دارائي شخصي شركائي كه با آنها قرارداد ارفاقي منعقد شده است بغرما تقسيم نخواهد شد - شريك يا شركاءِ ضامن كه با آنها قرارداد خصوصي منعقد شده نمي توانند تعهد حصة نمايند مگر از اموال شخصي خودشان - شريكي كه با او قرارداد مخصوص منعقد شده از مسئوليت ضمانتي مبري است.\n\n'
 'ماده 123 - در شركت تضامني هيچيك از شركاء نميتواند سهم خود را بديگري منتقل كند مگر برضايت تمام شركاء.\n\n'
 'ماده 135 - هر شركت تضامني مي تواند با تصويب تمام شركاء بشركت سهامي مبدل گردد در اينصورت رعايت تمام مقررات راجعه بشركت سهامي حتمي است.\n\n']",بقاء شرکت تضامنی موقوف به رضایت سایر شرکاء و قائم مقام متوفی است، و قائم مقام باید در مدت یک ماه از تاریخ فوت، رضایت یا عدم رضایت خود را اعلام کند. (ماده 139),1.0,0.9507599292649406,1.0,0.999999999975
17,چگونه انتقال سهم‌الشرکه در شرکت با مسئولیت محدود انجام می‌گیرد؟,انتقال سهم‌الشرکه در شرکت با مسئولیت محدود باید با امضای انتقال دهنده یا وکیل یا نماینده قانونی او در دفتر ثبت سهام شرکت و ثبت آدرس کامل انتقال گیرنده در دفتر ثبت سهام شرکت انجام شود. هر گونه تغییر در آدرس نیز باید در دفتر ثبت شرکت شرکت شود و امضا شود. انتقالی که بدون رعایت این شرایط انجام شود، از نظر شرکت و اشخاص ثالث اعتبار ندارد.,"['ماده 152 - هر گاه شركت بطريقي غير از ورشكستگي منحل شود و شريك با مسئوليت محدود هنوز تمام يا قسمتي از سهم الشركه خود را نپرداخته و يا پس از تأديه مسترد داشته است طلبكاران شركت حق دارند معادل آنچه كه از بابت سهم الشركه باقي مانده است مستقيماً بر عليه شريك با مسئولت [مسئوليت] محدود اقامه دعوي نمايند. اگر شركت ورشكست شود حق مزبور را مدير تصفيه خواهد داشت.\n\n'
 'ماده 213 - در شركتهاي سهامي و شركتهاي با مسئوليت محدود و شركتهاي تعاوني امر تصفيه بعهده مديران شركت است مگر آنكه اساسنامه يا اكثريت مجمع عمومي شركت ترتيب ديگري مقرر داشته باشد.\n\n'
 'ماده 103 - انتقال سهمالشركه بعمل نخواهد آمد مگر بموجب سند رسمي.\n\n'
 'ماده 40(الحاقي 24ˏ12ˏ1347)- انتقال سهام بانام بايد در دفتر ثبت سهام شركت به ثبت برسد و انتقال دهنده يا وكيل يا نماينده قانوني او بايد انتقال را در دفتر مزبور امضاء كند.\nدر مورديكه تمامي مبلغ اسمي سهم پرداخت نشده است نشاني كامل انتقال گيرنده نيز در دفتر ثبت سهام شركت قيد و بامضاي انتقال گيرنده يا وكيل يا نماينده قانوني او رسيده و از نظر اجراي تعهدات ناشي از نقل و انتقال سهم معتبر خواهد بود. هر گونه تغيير اقامتگاه نيز بايد بهمان ترتيب به ثبترسيده و امضاء شود. هر انتقالي كه بدون رعايت شرايط فوق بعمل آيد از نظر شركت و اشخاص ثالث فاقد اعتبار است.\n\n'
 'ماده 154 - بشريك با مسئوليت محدود فرع نميتوان داد مگر در صورتي كه موجب كسر سرمايه او در شركت نشود.\nاگر در نتيجه ضررهاي وارده سهم الشركه شريك با مسئوليت محدود كسر شد مادام كه اين كمبود جبران نشده تأديه هر ربح يا منفعتي باو ممنوع است.\nهر گاه وجهي برخلاف حكم فوق تأديه گرديد شريك با مسئوليت محدود تا معادل وجه دريافتي مسئول تعهدات شركت است مگر در مورديكه با حسن نيت و باعتبار بيلان مرتبي وجهي گرفته باشد.\n\n']",انتقال سهم‌الشرکه فقط با رضایت عدة از شرکاء که لااقل سه ربع سرمایه متعلق به آنها باشد و از طریق سند رسمی امکان‌پذیر است. (مواد 102 و 103),1.0,0.8007619972762821,1.0,0.6791666666496875
18,چه کسانی مسئول خسارات ناشی از بطلان شرکت با مسئولیت محدود هستند؟,شرکایی که بطلان مستند به عمل آنها است و هیئت نظار و مدیرانی که در حین حدوث سبب بطلان یا بلافاصله پس از آن سرکار بوده و وظایف خود را انجام نداده‌اند، مسئول خسارات ناشی از بطلان شرکت با مسئولیت محدود هستند.,"['ماده 152 - هر گاه شركت بطريقي غير از ورشكستگي منحل شود و شريك با مسئوليت محدود هنوز تمام يا قسمتي از سهم الشركه خود را نپرداخته و يا پس از تأديه مسترد داشته است طلبكاران شركت حق دارند معادل آنچه كه از بابت سهم الشركه باقي مانده است مستقيماً بر عليه شريك با مسئولت [مسئوليت] محدود اقامه دعوي نمايند. اگر شركت ورشكست شود حق مزبور را مدير تصفيه خواهد داشت.\n\n'
 'ماده 101 - اگر حكم بطلان شركت باستناد ماده قبل صادر شود شركائي كه بطلان مستند بعمل آنها است و هيئت نظار و مديرهائي كه در حين حدوث سبب بطلان يا بلافاصله پس از آن سر كار بوده و انجام وظيفه نكردهاند در مقابل شركاءِ ديگر و اشخاص ثالث نسبت بخسارات ناشيه از اين بطلان متضامناً مسئول خواهند بود.\nمدت مرور زمان ده سال از تاريخ حدوث موجب بطلان است.\n\n'
 'ماده 273(الحاقي 24ˏ12ˏ1347)- در صورت صدور حكم قطعي بر بطلان شركت يا بطلان عمليات يا تصميمات شركت كسانيكه مسئول بطلان هستند متضامناً مسئول خساراتي خواهند بود كه از آن بطلان بصاحبان سهام و اشخاص ثالث متوجه شده است.\n\n'
 'ماده 154 - بشريك با مسئوليت محدود فرع نميتوان داد مگر در صورتي كه موجب كسر سرمايه او در شركت نشود.\nاگر در نتيجه ضررهاي وارده سهم الشركه شريك با مسئوليت محدود كسر شد مادام كه اين كمبود جبران نشده تأديه هر ربح يا منفعتي باو ممنوع است.\nهر گاه وجهي برخلاف حكم فوق تأديه گرديد شريك با مسئوليت محدود تا معادل وجه دريافتي مسئول تعهدات شركت است مگر در مورديكه با حسن نيت و باعتبار بيلان مرتبي وجهي گرفته باشد.\n\n'
 'ماده 104 - شركت با مسئوليت محدود بوسيله يك يا چند نفر مدير موظف يا غير موظف كه از بين شركاء يا از خارج براي مدت محدود يانامحدودي معين ميشوند اداره ميگردد.\n\n']",شرکائی که بطلان مستند به عمل آنها است و هیئت نظار و مدیرهایی که در حین حدوث سبب بطلان یا بلافاصله پس از آن سر کار بوده‌اند، متضامناً مسئول هستند. (ماده 101),1.0,0.0,1.0,0.99999999998
19,چه زمانی یک شرکت تضامنی می‌تواند به شرکت سهامی مبدل شود؟,هر شرکت تضامنی می‌تواند با تصویب تمام شرکاء به شرکت سهامی مبدل شود.,"['ماده 135 - هر شركت تضامني مي تواند با تصويب تمام شركاء بشركت سهامي مبدل گردد در اينصورت رعايت تمام مقررات راجعه بشركت سهامي حتمي است.\n\n'
 'ماده 173 - هر گاه شركت مختلط سهامي ورشكست شود شركاءِ سهامي تمام قيمت سهام خود را نپرداخته باشند مدير تصفيه آنچه را كه بر عهده آنها باقي است وصول ميكند.\n\n'
 'ماده 123 - در شركت تضامني هيچيك از شركاء نميتواند سهم خود را بديگري منتقل كند مگر برضايت تمام شركاء.\n\n'
 'ماده 122 - در شركتهاي تضامني اگر سهمالشركه يك يا چند نفر غير نقدي باشد بايد سهمالشركه مزبور قبلاً بتراضي تمام شركاء تقويم شود.\n\n'
 'ماده 119 - در شركت تضامني منافع به نسبت سهمالشركه بين شركاء تقسيم ميشود مگر آنكه شركتنامه غير از اين ترتيب را مقرر داشته باشد.\n\n']",هر شرکت تضامنی با تصویب تمام شرکاء می‌تواند به شرکت سهامی مبدل شود، با رعایت تمام مقررات مربوط به شرکت‌های سهامی. (ماده 135),1.0,0.9589055166669734,1.0,0.699999999965
20, بعد از صدور حکم ورشکستگی، کدام تصرفات از سوی تاجر ورشکسته نافذ نیست؟,تصرف در اسناد عیان در حین ورشکستگی نافذ نیست.,"['ماده 528 - اگر قبل از ورشكستگي تاجر كسي اوراق تجارتي باو داده باشد كه وجه آنرا وصول و بحساب صاحب سند نگاهدارد و يا بمصرف معيني برساند و وجه اوراق مزبور وصول يا تأديه نگشته و اسناد عيناً در حين ورشكستگي در نزد تاجر ورشكسته موجود باشد صاحبان آن ميتوانند عين اسناد را استرداد كنند.\n\n'
 'ماده 474 - اگر اشخاصي نسبت باموال متصرفي تاجر ورشكسته دعوي خياراتي دارند و صرفنظر از آن نميكنند بايد آن را در حين تصفيه عمل ورشكستگي ثابت نموده و بموقع اجرا گذارند.\n\n'
 'ماده 522 - پس از وضع مخارج اداره امور ورشكستگي و اعانة كه ممكن است بتاجر ورشكسته داده شده باشد و وجوهي كه بايد بصاحبان مطالبات ممتازه تأديه گردد مجموع دارائي منقول بين طلبكارها بنسبت طلب آنها كه قبلاً تشخيص و تصديق شده است خواهد شد.\n\n'
 'ماده 541 - تاجر در موارد ذيل ورشكسته بتقصير اعلان ميشود:\n1) در صورتيكه محقق شود مخارج شخصي يا مخارج خانه مشاراليه در ايام عادي بالنسبه به عايدي او فوقالعاده بوده است.\n2) در صورتيكه محقق شود كه تاجر نسبت بسرمايه خود مبالغ عمده صرف معاملاتي كرده كه در عرف تجارت موهوم يا نفع آن منوط به اتفاق محض است.\n3) اگر بقصد تأخير انداختن ورشكستگي خود خريدي بالاتر يا فروشي نازلتر از مظنه روز كرده باشد يا اگر بهمان قصد وسايلي كه دور از صرفه است بكار برده تا تحصيل وجهي نمايد اعم از اينكه از راه استقراض يا صدور برات يا بطريق ديگر باشد.\n4) اگر يكي از طلبكارها را پس از تاريخ توقف بر سايرين ترجيح داده و طلب او را پرداخته باشد.\n\n'
 'ماده 545 - در صورتيكه تعقيب تاجر ورشكسته بتقصير از طرف مدعيالعموم بعمل آمده باشد مخارج آنرا بهيچوجه نميتوان بهيئت طلبكارها تحميل نمود - در صورت انعقاد قرارداد ارفاقي مأمورين اجرا نميتوانند اقدام بوصول اين مخارج كنند مگر پس از انقضاي مدتهاي معينه در قرارداد.\n\n']",اقرار مبنی بر مالکیت مقرّله نسبت به یکی از اموال او (ماده 423),0.0,0.706330184717288,0.0,0.99999999998
21,حدود مسئولیت مدیر یا مدیران شرکت تضامنی چه میزان است؟,حدود مسئولیت مدیر یا مدیران شرکت تضامنی همان است که در ماده 51 مقرر شده است.,"['ماده 121 - حدود مسئوليت مدير يا مديران شركت تضامني همان است كه در ماده 51 مقرر شده.\n\n'
 'ماده 104 - شركت با مسئوليت محدود بوسيله يك يا چند نفر مدير موظف يا غير موظف كه از بين شركاء يا از خارج براي مدت محدود يانامحدودي معين ميشوند اداره ميگردد.\n\n'
 'ماده 142(الحاقي 24ˏ12ˏ1347)- مديران و مدير عامل شركت در مقابل شركت و اشخاص ثالث نسبت بتخلف از مقررات قانوني يا اساسنامه شركت و يا مصوباتمجمع عمومي بر حسب مورد منفرداً يا مشتركاً مسئول ميباشند و دادگاه حدود مسئوليت هر يك را براي جبران خسارت تعيين خواهد نمود. \n\n'
 'ماده 213 - در شركتهاي سهامي و شركتهاي با مسئوليت محدود و شركتهاي تعاوني امر تصفيه بعهده مديران شركت است مگر آنكه اساسنامه يا اكثريت مجمع عمومي شركت ترتيب ديگري مقرر داشته باشد.\n\n'
 'ماده 203 - در شركت هاي تضامني و نسبي و مختلط سهامي و غيرسهامي امر تصفيه با مدير يا مديران شركت است مگر آنكه شركاءِ ضامن اشخاص ديگري را از خارج يا از بين خود براي تصفيه معين نمايند.\n\n']",مسئولیت مدیر شرکت در مقابل شرکاء همان مسوولیتی است که وکیل در مقابل موکل دارد. (مواد 121 و 51),1.0,0.921474645899556,1.0,0.9999999999666668
22,در صورتی که گواهینامه عدم پرداخت چک، سه ماه پس از صدور صادر شود، حق رجوع دارنده نسبت به چه کسانی ساقط می شود؟,حق رجوع دارنده نسبت به ظهرنویسهای ماقبل خود و برات دهنده که بمهلت مزبور رضایت نداده‌اند ساقط می‌شود.,"['ماده 319 - اگر وجه برات يا فتهطلب يا چك را نتوان بواسطه حصول مرور زمان پنجسال مطالبه كرد دارنده برات يا فتهطلب يا چك ميتواند تاحصول مرور زمان اموال منقوله وجه آنرا از كسي كه بضرر او استفاده بلاجهت كرده است مطالبه نمايد.\n\nتبصره - حكم فوق در موردي نيز جاري است كه برات يا فته طلب يا چك يكي از شرايط اساسي مقرر در اين قانون را فاقد باشد.\n\nباب پنجم - اسناد در وجه حامل\n\n'
 'ماده 315 - اگر چك در همان مكاني كه صادر شده است بايد تأديه گردد دارنده چك بايد در ظرف پانزده روز از تاريخ صدور وجه آنرا مطالبه كند واگر از يك نقطه به نقطه ديگر ايران صادر شده باشد بايد در ظرف چهل و پنج روز از تاريخ صدور چك مطالبه شود.\nاگر دارنده چك در ظرف مواعد مذكوره در اين ماده پرداخت وجه آن را مطالبه نكند ديگر دعوي او بر عليه ظهرنويس مسموع نخواهد بود و اگر وجه چك بسببي كه مربوط بمحالعليه است از بين برود دعوي دارنده چك بر عليه صادركننده نيز در محكمه مسموع نيست.\n\n'
 'ماده 257 - اگر دارنده برات به كسي كه قبولي نوشته مهلتي براي پرداخت بدهد به ظهرنويسهاي ماقبل خود و برات دهنده كه بمهلت مزبور رضايت ندادهاند حق رجوع نخواهد داشت.\n\n'
 'ماده 564 - در صورتي كه يك يا چند نفر از طلبكارها مفقودالاثر يا غائب بوده يا اينكه از دريافت وجه امتناع نمايند تاجر ورشكسته بايد وجوهي راكه به آنها مديون است با اطلاع مدعيالعموم در صندوق عدليه بسپارد و همينكه تاجر معلوم كرد اين وجوه را سپرده است بريالذمه محسوب است.\n\n'
 'ماده 244(اصلاحي 09ˏ02ˏ1348)- اشخاص زير بحبس تأديبي از سه ماه تا يكسال يا به جزاي نقدي از پنجاه هزار ريال تا پانصد هزار ريال يا بهر دو مجازات محكومخواهند شد:\n1 - هركس عالماً سهام يا گواهينامه موقت سهام بدون ذكر مبلغ اسمي صادر كند يا بفروشد يا به معرض فروش گذارد.\n2 - هركس سهام بينام را قبل از آنكه تمام مبلغ اسمي آن پرداخت شده باشد صادر كند يا بفروشد يا به معرض فروش گذارد.\n3 - هركس سهام بانام را قبل از آنكه اقلا سي و پنج درصد مبلغ اسمي آن پرداخت شده باشد بفروشد يا به معرض فروش گذارد. \n\n']",ظهرنویسان و ضامنین آنها (ماده 315),1.0,0.7829677125436293,0.5,0.999999999975
23,در صورتی که در اسم شركت با مسئوليت محدود این عبارت قيد نشود، شرکت چه نوعی محسوب می شود؟,در صورتی که در اسم شركت با مسئوليت محدود عبارت (با مسئوليت محدود) قيد نشود، شركت در مقابل اشخاص ثالث به عنوان شركت تضامني محسوب خواهد شد.,"['ماده 95 - در اسم شركت بايد عبارت (با مسئوليت محدود) قيد شود و الا آن شركت در مقابل اشخاص ثالث شركت تضامني محسوب و تابعمقررات آن خواهد بود.\nاسم شركت نبايد متضمن اسم هيچيك از شركاء باشد و الا شريكي كه اسم او در اسم شركت قيد شده در مقابل اشخاص ثالث حكم شريك ضامن درشركت تضامني را خواهد داشت.\n\n'
 'ماده 152 - هر گاه شركت بطريقي غير از ورشكستگي منحل شود و شريك با مسئوليت محدود هنوز تمام يا قسمتي از سهم الشركه خود را نپرداخته و يا پس از تأديه مسترد داشته است طلبكاران شركت حق دارند معادل آنچه كه از بابت سهم الشركه باقي مانده است مستقيماً بر عليه شريك با مسئولت [مسئوليت] محدود اقامه دعوي نمايند. اگر شركت ورشكست شود حق مزبور را مدير تصفيه خواهد داشت.\n\n'
 'ماده 154 - بشريك با مسئوليت محدود فرع نميتوان داد مگر در صورتي كه موجب كسر سرمايه او در شركت نشود.\nاگر در نتيجه ضررهاي وارده سهم الشركه شريك با مسئوليت محدود كسر شد مادام كه اين كمبود جبران نشده تأديه هر ربح يا منفعتي باو ممنوع است.\nهر گاه وجهي برخلاف حكم فوق تأديه گرديد شريك با مسئوليت محدود تا معادل وجه دريافتي مسئول تعهدات شركت است مگر در مورديكه با حسن نيت و باعتبار بيلان مرتبي وجهي گرفته باشد.\n\n'
 'ماده 213 - در شركتهاي سهامي و شركتهاي با مسئوليت محدود و شركتهاي تعاوني امر تصفيه بعهده مديران شركت است مگر آنكه اساسنامه يا اكثريت مجمع عمومي شركت ترتيب ديگري مقرر داشته باشد.\n\n'
 'ماده 94 - شركت با مسئوليت محدود شركتي است كه بين دو يا چند نفر براي امور تجارتي تشكيل شده و هر يك از شركاء بدون اينكه سرمايه بسهام يا قطعات سهام تقسيم شده باشد - فقط تا ميزان سرمايه خود در شركت مسئول قروض و تعهدات شركت است.\n\n']",در اسم شركت بايد عبارت (‌با مسئوليت محدود) قيد شود و الا آن شركت در مقابل اشخاص ثالث شركت تضامني محسوب و تابع‌مقررات آن خواهد بود. (ماده 95),1.0,0.9329791942701084,1.0,0.94999999997625
24,در شركت مختلط غير سهامي مسئولیت شریک ضامن و شریک با مسئولیت محدود چیست؟,مسئولیت شریک ضامن کلیه قروضی است که ممکن است علاوه بر دارایی شرکت پیدا شود. اما مسئولیت شریک با مسئولیت محدود تنها تا میزان سرمایه‌ای است که در شرکت گذاشته یا باید بگذارد.,"['ماده 141 - شركت مختلط غيرسهامي شركتي است كه براي امور تجارتي در تحت اسم مخصوصي بين يك يا چند نفر شريك ضامن و يك يا چند نفر شريك با مسئوليت محدود بدون انتشار سهام تشكيل مي شود.\nشريك ضامن مسئول كليه قروضي است كه ممكن است علاوه بر دارائي شركت پيدا شود - شريك با مسئوليت محدود كسي است كه مسئوليت اوفقط تا ميزان سرماية است كه در شركت گذارده و يا بايستي بگذارد.\nدر اسم شركت بايد عبارت (شركت مختلط) و لااقل اسم يكي از شركاءِ ضامن قيد شود.\n\n'
 'ماده 144 - اداره شركت مختلط غير سهامي بعهده شريك يا شركاي ضامن و حدود اختيارات آنها همان است كه در مورد شركاءِ شركت تضامني مقرر است.\n\n'
 'ماده 152 - هر گاه شركت بطريقي غير از ورشكستگي منحل شود و شريك با مسئوليت محدود هنوز تمام يا قسمتي از سهم الشركه خود را نپرداخته و يا پس از تأديه مسترد داشته است طلبكاران شركت حق دارند معادل آنچه كه از بابت سهم الشركه باقي مانده است مستقيماً بر عليه شريك با مسئولت [مسئوليت] محدود اقامه دعوي نمايند. اگر شركت ورشكست شود حق مزبور را مدير تصفيه خواهد داشت.\n\n'
 'ماده 156 - اگر شركت مختلط غيرسهامي ورشكست شود دارائي شركت بين طلبكاران خود شركت تقسيم شده و طلبكاران شخصي شركاء در آن حقي ندارند - سهم الشركه شركاء با مسئوليت محدود نيز جزو دارائي شركت محسوب است.\n\n'
 'ماده 154 - بشريك با مسئوليت محدود فرع نميتوان داد مگر در صورتي كه موجب كسر سرمايه او در شركت نشود.\nاگر در نتيجه ضررهاي وارده سهم الشركه شريك با مسئوليت محدود كسر شد مادام كه اين كمبود جبران نشده تأديه هر ربح يا منفعتي باو ممنوع است.\nهر گاه وجهي برخلاف حكم فوق تأديه گرديد شريك با مسئوليت محدود تا معادل وجه دريافتي مسئول تعهدات شركت است مگر در مورديكه با حسن نيت و باعتبار بيلان مرتبي وجهي گرفته باشد.\n\n']",‌شريك ضامن مسئول كليه قروضي است كه ممكن است علاوه بر دارائي شركت پيدا شود - شريك با مسئوليت محدود كسي است كه مسئوليت او‌فقط تا ميزان سرمايه است كه در شركت گذارده و يا بايستي بگذارد. (ماده 141),1.0,0.0,1.0,0.99999999998
25,برای نامگذاری شركت نسبي چه الزاماتی باید رعایت شود؟,"اسامی اشخاص غیر از مدیران شرکت برای تصفیه معین باید در اداره ثبت اسناد ثبت و اعلان شود. همچنین در صورت انحلال شرکت، نام شرکت باید همه جا عبارت ""در حال تصفیه"" ذکر شود و نام مدیران تصفیه در کلیه اوراق و آگهی‌های مربوط به شرکت قید گردد.","['ماده 205 - در هر مورد كه اشخاصي غير از مديران شركت براي تصفيه معين شوند اسامي آنها بايد در اداره ثبت اسناد ثبت و اعلان گردد.\n\n'
 'ماده 206(الحاقي 24ˏ12ˏ1347)- شركت بمحض انحلال در حال تصفيه محسوب ميشود و بايد در دنبال نام شركت همه جا عبارت در حال تصفيه ذكر شود و ناممدير يا مديران تصفيه در كليه اوراق و آگهيهاي مربوط بشركت قيد گردد.\n\n'
 'ماده 201(الحاقي 24ˏ12ˏ1347)- در موارد زير هر ذينفع ميتواند انحلال شركت را از دادگاه بخواهد\n1 - در صورتيكه تا يكسال پس از به ثبت رسيدن شركت هيچ اقدامي جهت انجام موضوع آن صورت نگرفته باشد و نيز در صورتيكه فعاليتهاي شركت در مدت بيش از يكسال متوقف شده باشد.\n2 - در صورتيكه مجمع عمومي سالانه براي رسيدگي بحسابهاي هر يك از سالهاي مالي تا ده ماه از تاريخي كه اساسنامه معين كرده استتشكيل نشده باشد.\n3 - در صورتيكه سمت تمام يا بعضي از اعضاي هيئت مديره و همچنين سمت مدير عامل شركت طي مدتي زائد بر ششماه بلامتصدي ماندهباشد.\n4 - در مورد بندهاي يك و دو ماده 199 در صورتيكه مجمع عمومي فوقالعاده صاحبان سهام جهت اعلام انحلال شركت تشكيل نشود و يا راي بانحلال شركت ندهد.\n\n'
 'ماده 217- مادام كه امر تصفيه خاتمه نيافته است مديران تصفيه بايد همه ساله مجمع عمومي عادي صاحبان سهام شركت را با رعايت شرايط و تشريفاتيكه در قانون و اساسنامه پيشبيني شده است دعوت كرده صورت دارائي منقول و غير منقول و ترازنامه و حساب سود و زيان عمليات خود را بضميمه گزارشي حاكي از اعماليكه تا آن موقع انجام دادهاند بمجمع عمومي مذكور تسليم كنند.\n\n'
 'ماده 19(الحاقي 24ˏ12ˏ1347)- در صورتيكه شركت تا ششماه از تاريخ تسليم اظهارنامه مذكور در ماده 6 اين قانون به ثبت نرسيده باشد به درخواست هر يك ازمؤسسين يا پذيرهنويسان مرجع ثبت شركتها كه اظهارنامه به آن تسليم شده است گواهينامهاي حاكي از عدم ثبت شركت صادر و ببانكي كه تعهد سهام و تأديه وجوه در آن بعمل آمده است ارسال ميدارد تا مؤسسين و پذيرهنويسان ببانك مراجعه و تعهدنامه و وجوه پرداختي خود را مسترد دارند. در اين صورت هر گونه هزينهاي كه براي تأسيس شركت پرداخت يا تعهد شده باشد بعهده مؤسسين خواهد بود.\n\n']",لااقل اسم يكنفر از شركاء بايد ذكر شود - در صورتي كه اسم شركت مشتمل بر اسامي‌ تمام شركاء نباشد بعد از اسم شريك يا شركائي كه ذكر شده عبارتي از قبيل (‌و شركاء) (‌و برادران) ضروري است. (ماده 184),1.0,0.7854328110580955,1.0,0.4777777777618517
26,توضیح دهید آیا در شركت مختلط سهامي همواره امر تصفيه با مدير يا مديران شركت است؟,خیر، در شركت مختلط سهامي امر تصفيه با مدير يا مديران شركت نیست، مگر آنکه شركاءِ ضامن اشخاص دیگری را از خارج یا از بین خود برای تصفيه معین نمایند.,"['ماده 203 - در شركت هاي تضامني و نسبي و مختلط سهامي و غيرسهامي امر تصفيه با مدير يا مديران شركت است مگر آنكه شركاءِ ضامن اشخاص ديگري را از خارج يا از بين خود براي تصفيه معين نمايند.\n\n'
 'ماده 213 - در شركتهاي سهامي و شركتهاي با مسئوليت محدود و شركتهاي تعاوني امر تصفيه بعهده مديران شركت است مگر آنكه اساسنامه يا اكثريت مجمع عمومي شركت ترتيب ديگري مقرر داشته باشد.\n\n'
 'ماده 204(الحاقي 24ˏ12ˏ1347)- امر تصفيه با مديران شركت است مگر آنكه اساسنامه شركت يا مجمع عمومي فوقالعادهاي كه رأي بانحلال ميدهد ترتيب ديگري مقرر داشته باشد.\n\n'
 'ماده 211(الحاقي 24ˏ12ˏ1347)- از تاريخ تعيين مدير يا مديران تصفيه اختيارات مديران شركت خاتمه يافته و تصفيه شركت شروع ميشود. مديران تصفيه بايد كليهاموال و دفاتر و اوراق و اسناد مربوط بشركت را تحويل گرفته بلافاصله امر تصفيه شركت را عهدهدار شوند.\n\n'
 'ماده 191 - اگر در شركت توليد يك عده از شركاء در خدمت دائمي شركت نبوده يا از اهل حرفة كه موضوع عمليات شركت است نباشند لااقل دو ثلث اعضاءِ اداره كننده شركت بايد از شركائي انتخاب شوند كه حرفه آن ها موضوع عمليات شركت است.\n\n']",خیر در حالتی که شركاءِ ضامن ‌اشخاص ديگري را از خارج يا از بين خود براي تصفيه معين نمايند، تصفيه با مدير يا مديران شركت نمی باشد. (ماده 203),1.0,0.0,1.0,0.99999999998
27,در شركت هاي تضامني چه مواردی باعث می‌شود تعیین اشخاص مخصوص برای تصفیه در شرکت‌های تضامنی و نسبی انجام شود؟,تعیین اشخاص مخصوص برای تصفیه در شرکت‌های تضامنی و نسبی زمانی انجام می‌شود که شرکاء ضامن اشخاص دیگری را از خارج یا از بین خود برای تصفیه معین نمایند.,"['ماده 203 - در شركت هاي تضامني و نسبي و مختلط سهامي و غيرسهامي امر تصفيه با مدير يا مديران شركت است مگر آنكه شركاءِ ضامن اشخاص ديگري را از خارج يا از بين خود براي تصفيه معين نمايند.\n\n'
 'ماده 116 - شركت تضامني شركتي است كه در تحت اسم مخصوصي براي امور تجارتي بين دو يا چند نفر با مسئوليت تضامني تشكيل ميشود : اگر دارائي شركت براي تأديه تمام قروض كافي نباشد هر يك از شركاء مسئول پرداخت تمام قروض شركت است.\nهر قراري كه بين شركاء برخلاف اين ترتيب داده شده باشد در مقابل اشخاص ثالث كان لم يكن خواهد بود.\n\n'
 'ماده 119 - در شركت تضامني منافع به نسبت سهمالشركه بين شركاء تقسيم ميشود مگر آنكه شركتنامه غير از اين ترتيب را مقرر داشته باشد.\n\n'
 'ماده 135 - هر شركت تضامني مي تواند با تصويب تمام شركاء بشركت سهامي مبدل گردد در اينصورت رعايت تمام مقررات راجعه بشركت سهامي حتمي است.\n\n'
 'ماده 95 - در اسم شركت بايد عبارت (با مسئوليت محدود) قيد شود و الا آن شركت در مقابل اشخاص ثالث شركت تضامني محسوب و تابعمقررات آن خواهد بود.\nاسم شركت نبايد متضمن اسم هيچيك از شركاء باشد و الا شريكي كه اسم او در اسم شركت قيد شده در مقابل اشخاص ثالث حكم شريك ضامن درشركت تضامني را خواهد داشت.\n\n']",اگر از طرف يك يا چند شريك ضامن تعيين اشخاص مخصوص براي تصفيه تقاضا شد و ساير شركاءِ ضامن آن تقاضا را نپذيرفتند ‌محكمه بدايت اشخاصي را براي تصفيه معين خواهد كرد. (مواد 203 و 204),0.5,0.961378807830438,1.0,0.8874999999778125
0,,,,,0.8946666666666667,0.7985755119622514,0.9166666666666666,0.8496031745799735
